section,passage_count,average_word_count,total_words
Course Descriptions,674,78.9,53210
Majors (listed in alphabetical order),207,83.8,17351
Degree Requirements,21,131.1,2753
Undergraduate Course Load,13,114.4,1487
Grading and Grade Requirements,13,209.9,2729
Key Components,9,67.7,609
Entrance Credit and Placement,8,104.8,838
Transfer of Work Taken Elsewhere,7,135.1,946
Requirements for All Majors,7,36.6,256
Registration,7,128.7,901
Animating Principles,6,104.5,627
"Academic Warning, Probation, and Suspension for Students in the Class of 2025 and Beyond",6,159.7,958
"Academic Warning, Probation, and Suspension for Students in the Classes of 2022-2024",6,173.3,1040
Unclassified,6,148.7,892
Statement on Diversity and Inclusion,6,68.3,410
Office of Global Education and Study Away,6,315.5,1893
Estimated Expenses,6,167.8,1007
Who We Are,5,101.2,506
Religious Holidays,5,106.6,533
Scholarships and Financial Aid,5,67.2,336
Academic Recognition and Honors,5,84.8,424
Campus Programs,5,70.4,352
Education Records,5,88.4,442
Refund,4,124.2,497
Partners,4,100.2,401
Residence Life,4,80.8,323
Changes in Status,4,269.0,1076
Campus Health Clinic,4,114.0,456
Progress toward Degree,4,104.2,417
Seven Principles of Duke Kunshan University Academic Advising,4,135.2,541
Overview,4,136.2,545
Host Family Program,4,96.2,385
Duke Kunshan University Community Standard,4,100.0,400
Course Repeat,3,163.3,490
Grade Review Procedure,3,170.7,512
Independent Studies,3,149.0,447
Leadership Development,3,134.3,403
Application Timelines,3,81.3,244
Application Requirements,3,77.0,231
Athletics & University Sports,3,143.3,430
Class Attendance and Missed Work,3,166.7,500
Procedure for Resolution of Students' Academic Concerns,3,149.7,449
Incomplete Coursework and Excused Absence from Final Exam,3,187.0,561
Academic Integrity,2,233.0,466
Academic Advising,2,225.5,451
Notification and Responses,2,32.0,64
Course Audit,2,290.0,580
Student Conduct,2,91.0,182
Career Services,1,430.0,430
