section,cluster_name,count,section_total,proportion
Academic Advising,Cluster 1,2,2,1.0
Academic Integrity,Cluster 3,2,2,1.0
Academic Recognition and Honors,Cluster 3,5,5,1.0
"Academic Warning, Probation, and Suspension for Students in the Class of 2025 and Beyond",Cluster 3,6,6,1.0
"Academic Warning, Probation, and Suspension for Students in the Classes of 2022-2024",Cluster 3,6,6,1.0
Animating Principles,Cluster 1,4,6,0.6666666666666666
Animating Principles,Cluster 2,1,6,0.16666666666666666
Animating Principles,Cluster 3,1,6,0.16666666666666666
Application Requirements,Cluster 3,3,3,1.0
Application Timelines,Cluster 1,1,3,0.3333333333333333
Application Timelines,Cluster 3,2,3,0.6666666666666666
Athletics & University Sports,Cluster 1,3,3,1.0
Campus Health Clinic,Cluster 1,4,4,1.0
Campus Programs,Cluster 1,5,5,1.0
Career Services,Cluster 1,1,1,1.0
Changes in Status,Cluster 3,4,4,1.0
Class Attendance and Missed Work,Cluster 3,3,3,1.0
Course Audit,Cluster 3,2,2,1.0
Course Descriptions,Cluster 0,77,674,0.1142433234421365
Course Descriptions,Cluster 1,69,674,0.10237388724035608
Course Descriptions,Cluster 2,170,674,0.2522255192878338
Course Descriptions,Cluster 3,31,674,0.04599406528189911
Course Descriptions,Cluster 4,88,674,0.13056379821958458
Course Descriptions,Cluster 5,78,674,0.11572700296735905
Course Descriptions,Cluster 6,88,674,0.13056379821958458
Course Descriptions,Cluster 7,73,674,0.1083086053412463
Course Repeat,Cluster 3,3,3,1.0
Degree Requirements,Cluster 1,9,21,0.42857142857142855
Degree Requirements,Cluster 3,11,21,0.5238095238095238
Degree Requirements,Cluster 5,1,21,0.047619047619047616
Duke Kunshan University Community Standard,Cluster 1,1,4,0.25
Duke Kunshan University Community Standard,Cluster 4,3,4,0.75
Education Records,Cluster 3,5,5,1.0
Entrance Credit and Placement,Cluster 3,7,8,0.875
Entrance Credit and Placement,Cluster 4,1,8,0.125
Estimated Expenses,Cluster 3,5,6,0.8333333333333334
Estimated Expenses,Cluster 4,1,6,0.16666666666666666
Grade Review Procedure,Cluster 3,3,3,1.0
Grading and Grade Requirements,Cluster 0,1,13,0.07692307692307693
Grading and Grade Requirements,Cluster 3,12,13,0.9230769230769231
Host Family Program,Cluster 1,4,4,1.0
Incomplete Coursework and Excused Absence from Final Exam,Cluster 3,3,3,1.0
Independent Studies,Cluster 1,1,3,0.3333333333333333
Independent Studies,Cluster 3,2,3,0.6666666666666666
Key Components,Cluster 1,4,9,0.4444444444444444
Key Components,Cluster 3,3,9,0.3333333333333333
Key Components,Cluster 6,1,9,0.1111111111111111
Key Components,Cluster 7,1,9,0.1111111111111111
Leadership Development,Cluster 1,3,3,1.0
Majors (listed in alphabetical order),Cluster 0,29,207,0.14009661835748793
Majors (listed in alphabetical order),Cluster 1,2,207,0.00966183574879227
Majors (listed in alphabetical order),Cluster 2,18,207,0.08695652173913043
Majors (listed in alphabetical order),Cluster 4,20,207,0.0966183574879227
Majors (listed in alphabetical order),Cluster 5,60,207,0.2898550724637681
Majors (listed in alphabetical order),Cluster 6,63,207,0.30434782608695654
Majors (listed in alphabetical order),Cluster 7,15,207,0.07246376811594203
Notification and Responses,Cluster 3,2,2,1.0
Office of Global Education and Study Away,Cluster 1,2,6,0.3333333333333333
Office of Global Education and Study Away,Cluster 3,4,6,0.6666666666666666
Overview,Cluster 1,4,4,1.0
Partners,Cluster 1,3,4,0.75
Partners,Cluster 4,1,4,0.25
Procedure for Resolution of Students' Academic Concerns,Cluster 3,3,3,1.0
Progress toward Degree,Cluster 3,4,4,1.0
Refund,Cluster 3,4,4,1.0
Registration,Cluster 1,1,7,0.14285714285714285
Registration,Cluster 3,6,7,0.8571428571428571
Religious Holidays,Cluster 1,2,5,0.4
Religious Holidays,Cluster 3,3,5,0.6
Requirements for All Majors,Cluster 1,2,7,0.2857142857142857
Requirements for All Majors,Cluster 3,2,7,0.2857142857142857
Requirements for All Majors,Cluster 4,1,7,0.14285714285714285
Requirements for All Majors,Cluster 5,2,7,0.2857142857142857
Residence Life,Cluster 1,3,4,0.75
Residence Life,Cluster 2,1,4,0.25
Scholarships and Financial Aid,Cluster 3,3,5,0.6
Scholarships and Financial Aid,Cluster 4,2,5,0.4
Seven Principles of Duke Kunshan University Academic Advising,Cluster 1,4,4,1.0
Statement on Diversity and Inclusion,Cluster 1,4,6,0.6666666666666666
Statement on Diversity and Inclusion,Cluster 2,1,6,0.16666666666666666
Statement on Diversity and Inclusion,Cluster 6,1,6,0.16666666666666666
Student Conduct,Cluster 1,1,2,0.5
Student Conduct,Cluster 3,1,2,0.5
Transfer of Work Taken Elsewhere,Cluster 3,6,7,0.8571428571428571
Transfer of Work Taken Elsewhere,Cluster 4,1,7,0.14285714285714285
Unclassified,Cluster 1,1,6,0.16666666666666666
Unclassified,Cluster 3,5,6,0.8333333333333334
Undergraduate Course Load,Cluster 1,1,13,0.07692307692307693
Undergraduate Course Load,Cluster 3,12,13,0.9230769230769231
Who We Are,Cluster 1,3,5,0.6
Who We Are,Cluster 2,1,5,0.2
Who We Are,Cluster 3,1,5,0.2
