country,date,new_deaths,avg_deaths,rate_change
China,2020-01-23,1.0,6.666666666666667,1.8333333333333335
China,2020-01-24,8.0,8.333333333333334,2.9999999999999996
China,2020-01-25,16.0,12.666666666666666,5.166666666666667
China,2020-01-26,14.0,18.666666666666668,8.5
China,2020-01-27,26.0,29.666666666666668,3.5
China,2020-01-28,49.0,25.666666666666668,0.0
China,2020-01-29,2.0,29.666666666666668,0.8333333333333321
China,2020-01-30,38.0,27.333333333333332,6.166666666666666
China,2020-01-31,42.0,42.0,18.0
China,2020-02-01,46.0,63.333333333333336,14.333333333333336
China,2020-02-02,102.0,70.66666666666667,6.9999999999999964
China,2020-02-03,64.0,77.33333333333333,-1.6666666666666714
China,2020-02-04,66.0,67.33333333333333,-4.0
China,2020-02-05,72.0,69.33333333333333,4.166666666666671
China,2020-02-06,70.0,75.66666666666667,5.666666666666671
China,2020-02-07,85.0,80.66666666666667,7.5
China,2020-02-08,87.0,90.66666666666667,8.666666666666664
China,2020-02-09,100.0,98.0,5.833333333333329
China,2020-02-10,107.0,102.33333333333333,-13.666666666666664
China,2020-02-11,100.0,70.66666666666667,8.333333333333336
China,2020-02-12,5.0,119.0,32.833333333333336
China,2020-02-13,252.0,136.33333333333334,31.5
China,2020-02-14,152.0,182.0,-1.8333333333333428
China,2020-02-15,142.0,132.66666666666666,-33.666666666666664
China,2020-02-16,104.0,114.66666666666667,-9.499999999999993
China,2020-02-17,98.0,113.66666666666667,1.0
China,2020-02-18,139.0,116.66666666666667,5.5
China,2020-02-19,113.0,124.66666666666667,-19.16666666666667
China,2020-02-20,122.0,78.33333333333333,-7.833333333333336
China,2020-02-21,0.0,109.0,-4.666666666666664
China,2020-02-22,205.0,69.0,5.0
China,2020-02-23,2.0,119.0,2.5
China,2020-02-24,150.0,74.0,-14.166666666666664
China,2020-02-25,70.0,90.66666666666667,-11.833333333333332
China,2020-02-26,52.0,50.333333333333336,-24.500000000000004
China,2020-02-27,29.0,41.666666666666664,-5.166666666666668
China,2020-02-28,44.0,40.0,0.16666666666666785
China,2020-02-29,47.0,42.0,0.6666666666666679
China,2020-03-01,35.0,41.333333333333336,-2.666666666666668
China,2020-03-02,42.0,36.666666666666664,-2.166666666666668
China,2020-03-03,33.0,37.0,-1.5
China,2020-03-04,36.0,33.666666666666664,-2.333333333333332
China,2020-03-05,32.0,32.333333333333336,-1.9999999999999982
China,2020-03-06,29.0,29.666666666666668,-2.0000000000000018
China,2020-03-07,28.0,28.333333333333332,-1.6666666666666679
China,2020-03-08,28.0,26.333333333333332,-3.0
China,2020-03-09,23.0,22.333333333333332,-3.0
China,2020-03-10,16.0,20.333333333333332,-3.0
China,2020-03-11,22.0,16.333333333333332,-3.333333333333333
China,2020-03-12,11.0,13.666666666666666,-2.833333333333333
China,2020-03-13,8.0,10.666666666666666,-1.666666666666666
China,2020-03-14,13.0,10.333333333333334,0.8333333333333339
China,2020-03-15,10.0,12.333333333333334,1.0
China,2020-03-16,14.0,12.333333333333334,0.16666666666666607
China,2020-03-17,13.0,12.666666666666666,-0.8333333333333339
China,2020-03-18,11.0,10.666666666666666,-2.333333333333333
China,2020-03-19,8.0,8.0,-2.1666666666666665
China,2020-03-20,5.0,6.333333333333333,-1.1666666666666665
China,2020-03-21,6.0,5.666666666666667,0.3333333333333335
China,2020-03-22,6.0,7.0,0.833333333333333
China,2020-03-23,9.0,7.333333333333333,-0.16666666666666652
China,2020-03-24,7.0,6.666666666666667,-0.833333333333333
China,2020-03-25,4.0,5.666666666666667,-0.8333333333333335
China,2020-03-26,6.0,5.0,-0.5
China,2020-03-27,5.0,4.666666666666667,-0.3333333333333335
China,2020-03-28,3.0,4.333333333333333,-0.3333333333333335
China,2020-03-29,5.0,4.0,0.0
China,2020-03-30,4.0,4.333333333333333,0.5
China,2020-03-31,4.0,5.0,0.666666666666667
China,2020-04-01,7.0,5.666666666666667,0.3333333333333335
China,2020-04-02,6.0,5.666666666666667,-0.5
China,2020-04-03,4.0,4.666666666666667,-1.0000000000000002
China,2020-04-04,4.0,3.6666666666666665,-0.8333333333333335
China,2020-04-05,3.0,3.0,-0.9999999999999999
China,2020-04-06,2.0,1.6666666666666667,-0.8333333333333334
China,2020-04-07,0.0,1.3333333333333333,-0.16666666666666674
China,2020-04-08,2.0,1.3333333333333333,0.16666666666666674
China,2020-04-09,2.0,1.6666666666666667,0.5000000000000001
China,2020-04-10,1.0,2.3333333333333335,0.0
China,2020-04-11,4.0,1.6666666666666667,-0.16666666666666674
China,2020-04-12,0.0,2.0,-0.5
China,2020-04-13,2.0,0.6666666666666666,-0.5
China,2020-04-14,0.0,1.0,-0.16666666666666666
China,2020-04-15,1.0,0.3333333333333333,-0.33333333333333337
China,2020-04-16,0.0,0.3333333333333333,214.83333333333334
China,2020-04-17,0.0,430.0,214.83333333333334
China,2020-04-18,1290.0,430.0,0.0
China,2020-04-19,0.0,430.0,-215.0
China,2020-04-20,0.0,0.0,-215.0
France,2020-01-23,0.0,0.0,0.0
France,2020-01-24,0.0,0.0,0.0
France,2020-01-25,0.0,0.0,0.0
France,2020-01-26,0.0,0.0,0.0
France,2020-01-27,0.0,0.0,0.0
France,2020-01-28,0.0,0.0,0.0
France,2020-01-29,0.0,0.0,0.0
France,2020-01-30,0.0,0.0,0.0
France,2020-01-31,0.0,0.0,0.0
France,2020-02-01,0.0,0.0,0.0
France,2020-02-02,0.0,0.0,0.0
France,2020-02-03,0.0,0.0,0.0
France,2020-02-04,0.0,0.0,0.0
France,2020-02-05,0.0,0.0,0.0
France,2020-02-06,0.0,0.0,0.0
France,2020-02-07,0.0,0.0,0.0
France,2020-02-08,0.0,0.0,0.0
France,2020-02-09,0.0,0.0,0.0
France,2020-02-10,0.0,0.0,0.0
France,2020-02-11,0.0,0.0,0.0
France,2020-02-12,0.0,0.0,0.0
France,2020-02-13,0.0,0.0,0.0
France,2020-02-14,0.0,0.0,0.0
France,2020-02-15,0.0,0.0,0.0
France,2020-02-16,0.0,0.0,0.0
France,2020-02-17,0.0,0.0,0.0
France,2020-02-18,0.0,0.0,0.0
France,2020-02-19,0.0,0.0,0.0
France,2020-02-20,0.0,0.0,0.0
France,2020-02-21,0.0,0.0,0.0
France,2020-02-22,0.0,0.0,0.0
France,2020-02-23,0.0,0.0,0.0
France,2020-02-24,0.0,0.0,0.0
France,2020-02-25,0.0,0.0,0.0
France,2020-02-26,0.0,0.0,0.0
France,2020-02-27,0.0,0.0,0.0
France,2020-02-28,0.0,0.0,0.0
France,2020-02-29,0.0,0.0,0.0
France,2020-03-01,0.0,0.0,0.0
France,2020-03-02,0.0,0.0,0.0
France,2020-03-03,0.0,0.0,0.0
France,2020-03-04,0.0,0.0,0.0
France,2020-03-05,0.0,0.0,0.0
France,2020-03-06,0.0,0.0,0.0
France,2020-03-07,0.0,0.0,0.0
France,2020-03-08,0.0,0.0,0.0
France,2020-03-09,0.0,0.0,0.0
France,2020-03-10,0.0,0.0,0.0
France,2020-03-11,0.0,0.0,0.0
France,2020-03-12,0.0,0.0,0.0
France,2020-03-13,0.0,0.0,7.166666666666667
France,2020-03-14,0.0,14.333333333333334,7.166666666666667
France,2020-03-15,43.0,14.333333333333334,0.0
France,2020-03-16,0.0,14.333333333333334,-7.166666666666667
France,2020-03-17,0.0,0.0,-7.166666666666667
France,2020-03-18,0.0,0.0,0.0
France,2020-03-19,0.0,0.0,0.0
France,2020-03-20,0.0,0.0,111.66666666666667
France,2020-03-21,0.0,223.33333333333334,111.66666666666667
France,2020-03-22,670.0,223.33333333333334,0.0
France,2020-03-23,0.0,223.33333333333334,-111.66666666666667
France,2020-03-24,0.0,0.0,-111.66666666666667
France,2020-03-25,0.0,0.0,0.0
France,2020-03-26,0.0,0.0,0.0
France,2020-03-27,0.0,0.0,333.1666666666667
France,2020-03-28,0.0,666.3333333333334,333.1666666666667
France,2020-03-29,1999.0,666.3333333333334,0.0
France,2020-03-30,0.0,666.3333333333334,-333.1666666666667
France,2020-03-31,0.0,0.0,-333.1666666666667
France,2020-04-01,0.0,0.0,0.0
France,2020-04-02,0.0,0.0,0.0
France,2020-04-03,0.0,0.0,546.0
France,2020-04-04,0.0,1092.0,546.0
France,2020-04-05,3276.0,1092.0,0.0
France,2020-04-06,0.0,1092.0,-546.0
France,2020-04-07,0.0,0.0,-546.0
France,2020-04-08,0.0,0.0,0.0
France,2020-04-09,0.0,0.0,0.0
France,2020-04-10,0.0,0.0,557.3333333333334
France,2020-04-11,0.0,1114.6666666666667,557.3333333333334
France,2020-04-12,3344.0,1114.6666666666667,0.0
France,2020-04-13,0.0,1114.6666666666667,-557.3333333333334
France,2020-04-14,0.0,0.0,-557.3333333333334
France,2020-04-15,0.0,0.0,0.0
France,2020-04-16,0.0,0.0,0.0
France,2020-04-17,0.0,0.0,455.0
France,2020-04-18,0.0,910.0,455.0
France,2020-04-19,2730.0,910.0,0.0
France,2020-04-20,0.0,910.0,-455.0
Germany,2020-01-23,0.0,0.0,0.0
Germany,2020-01-24,0.0,0.0,0.5
Germany,2020-01-25,0.0,1.0,0.5
Germany,2020-01-26,3.0,1.0,0.0
Germany,2020-01-27,0.0,1.0,-0.5
Germany,2020-01-28,0.0,0.0,-0.5
Germany,2020-01-29,0.0,0.0,0.0
Germany,2020-01-30,0.0,0.0,0.0
Germany,2020-01-31,0.0,0.0,0.5
Germany,2020-02-01,0.0,1.0,0.5
Germany,2020-02-02,3.0,1.0,0.0
Germany,2020-02-03,0.0,1.0,-0.5
Germany,2020-02-04,0.0,0.0,-0.5
Germany,2020-02-05,0.0,0.0,0.0
Germany,2020-02-06,0.0,0.0,0.0
Germany,2020-02-07,0.0,0.0,0.0
Germany,2020-02-08,0.0,0.0,0.0
Germany,2020-02-09,0.0,0.0,0.0
Germany,2020-02-10,0.0,0.0,0.0
Germany,2020-02-11,0.0,0.0,0.0
Germany,2020-02-12,0.0,0.0,0.0
Germany,2020-02-13,0.0,0.0,0.0
Germany,2020-02-14,0.0,0.0,0.0
Germany,2020-02-15,0.0,0.0,0.0
Germany,2020-02-16,0.0,0.0,0.0
Germany,2020-02-17,0.0,0.0,0.0
Germany,2020-02-18,0.0,0.0,0.0
Germany,2020-02-19,0.0,0.0,0.0
Germany,2020-02-20,0.0,0.0,0.0
Germany,2020-02-21,0.0,0.0,0.16666666666666666
Germany,2020-02-22,0.0,0.3333333333333333,0.16666666666666666
Germany,2020-02-23,1.0,0.3333333333333333,0.0
Germany,2020-02-24,0.0,0.3333333333333333,-0.16666666666666666
Germany,2020-02-25,0.0,0.0,-0.16666666666666666
Germany,2020-02-26,0.0,0.0,0.0
Germany,2020-02-27,0.0,0.0,0.0
Germany,2020-02-28,0.0,0.0,0.16666666666666666
Germany,2020-02-29,0.0,0.3333333333333333,0.16666666666666666
Germany,2020-03-01,1.0,0.3333333333333333,0.0
Germany,2020-03-02,0.0,0.3333333333333333,-0.16666666666666666
Germany,2020-03-03,0.0,0.0,-0.16666666666666666
Germany,2020-03-04,0.0,0.0,0.0
Germany,2020-03-05,0.0,0.0,0.0
Germany,2020-03-06,0.0,0.0,2.0
Germany,2020-03-07,0.0,4.0,2.0
Germany,2020-03-08,12.0,4.0,0.0
Germany,2020-03-09,0.0,4.0,-2.0
Germany,2020-03-10,0.0,0.0,-2.0
Germany,2020-03-11,0.0,0.0,0.0
Germany,2020-03-12,0.0,0.0,0.0
Germany,2020-03-13,0.0,0.0,14.0
Germany,2020-03-14,0.0,28.0,14.0
Germany,2020-03-15,84.0,28.0,0.0
Germany,2020-03-16,0.0,28.0,-14.0
Germany,2020-03-17,0.0,0.0,-14.0
Germany,2020-03-18,0.0,0.0,0.0
Germany,2020-03-19,0.0,0.0,0.0
Germany,2020-03-20,0.0,0.0,79.83333333333333
Germany,2020-03-21,0.0,159.66666666666666,79.83333333333333
Germany,2020-03-22,479.0,159.66666666666666,0.0
Germany,2020-03-23,0.0,159.66666666666666,-79.83333333333333
Germany,2020-03-24,0.0,0.0,-79.83333333333333
Germany,2020-03-25,0.0,0.0,0.0
Germany,2020-03-26,0.0,0.0,0.0
Germany,2020-03-27,0.0,0.0,243.16666666666666
Germany,2020-03-28,0.0,486.3333333333333,243.16666666666666
Germany,2020-03-29,1459.0,486.3333333333333,0.0
Germany,2020-03-30,0.0,486.3333333333333,-243.16666666666666
Germany,2020-03-31,0.0,0.0,-243.16666666666666
Germany,2020-04-01,0.0,0.0,0.0
Germany,2020-04-02,0.0,0.0,0.0
Germany,2020-04-03,0.0,0.0,378.8333333333333
Germany,2020-04-04,0.0,757.6666666666666,378.8333333333333
Germany,2020-04-05,2273.0,757.6666666666666,0.0
Germany,2020-04-06,0.0,757.6666666666666,-378.8333333333333
Germany,2020-04-07,0.0,0.0,-378.8333333333333
Germany,2020-04-08,0.0,0.0,0.0
Germany,2020-04-09,0.0,0.0,0.0
Germany,2020-04-10,0.0,0.0,313.0
Germany,2020-04-11,0.0,626.0,313.0
Germany,2020-04-12,1878.0,626.0,0.0
Germany,2020-04-13,0.0,626.0,-313.0
Germany,2020-04-14,0.0,0.0,-313.0
Germany,2020-04-15,0.0,0.0,0.0
Germany,2020-04-16,0.0,0.0,0.0
Germany,2020-04-17,0.0,0.0,204.33333333333334
Germany,2020-04-18,0.0,408.6666666666667,204.33333333333334
Germany,2020-04-19,1226.0,408.6666666666667,0.0
Germany,2020-04-20,0.0,408.6666666666667,-204.33333333333334
Italy,2020-01-23,0.0,0.0,0.0
Italy,2020-01-24,0.0,0.0,0.0
Italy,2020-01-25,0.0,0.0,0.0
Italy,2020-01-26,0.0,0.0,0.0
Italy,2020-01-27,0.0,0.0,0.0
Italy,2020-01-28,0.0,0.0,0.0
Italy,2020-01-29,0.0,0.0,0.0
Italy,2020-01-30,0.0,0.0,0.0
Italy,2020-01-31,0.0,0.0,0.0
Italy,2020-02-01,0.0,0.0,0.0
Italy,2020-02-02,0.0,0.0,0.0
Italy,2020-02-03,0.0,0.0,0.0
Italy,2020-02-04,0.0,0.0,0.0
Italy,2020-02-05,0.0,0.0,0.0
Italy,2020-02-06,0.0,0.0,0.0
Italy,2020-02-07,0.0,0.0,0.0
Italy,2020-02-08,0.0,0.0,0.0
Italy,2020-02-09,0.0,0.0,0.0
Italy,2020-02-10,0.0,0.0,0.0
Italy,2020-02-11,0.0,0.0,0.0
Italy,2020-02-12,0.0,0.0,0.0
Italy,2020-02-13,0.0,0.0,0.0
Italy,2020-02-14,0.0,0.0,0.0
Italy,2020-02-15,0.0,0.0,0.0
Italy,2020-02-16,0.0,0.0,0.0
Italy,2020-02-17,0.0,0.0,0.0
Italy,2020-02-18,0.0,0.0,0.0
Italy,2020-02-19,0.0,0.0,0.0
Italy,2020-02-20,0.0,0.0,0.0
Italy,2020-02-21,0.0,0.0,0.3333333333333333
Italy,2020-02-22,0.0,0.6666666666666666,0.5
Italy,2020-02-23,2.0,1.0,0.8333333333333335
Italy,2020-02-24,1.0,2.3333333333333335,0.8333333333333333
Italy,2020-02-25,4.0,2.6666666666666665,0.33333333333333326
Italy,2020-02-26,3.0,3.0,0.3333333333333335
Italy,2020-02-27,2.0,3.3333333333333335,0.33333333333333326
Italy,2020-02-28,5.0,3.6666666666666665,1.1666666666666667
Italy,2020-02-29,4.0,5.666666666666667,1.0000000000000002
Italy,2020-03-01,8.0,5.666666666666667,2.3333333333333335
Italy,2020-03-02,5.0,10.333333333333334,5.5
Italy,2020-03-03,18.0,16.666666666666668,6.999999999999999
Italy,2020-03-04,27.0,24.333333333333332,7.666666666666666
Italy,2020-03-05,28.0,32.0,7.500000000000002
Italy,2020-03-06,41.0,39.333333333333336,5.0
Italy,2020-03-07,49.0,42.0,16.666666666666668
Italy,2020-03-08,36.0,72.66666666666667,23.333333333333336
Italy,2020-03-09,133.0,88.66666666666667,29.999999999999993
Italy,2020-03-10,97.0,132.66666666666666,32.49999999999999
Italy,2020-03-11,168.0,153.66666666666666,25.833333333333343
Italy,2020-03-12,196.0,184.33333333333334,29.0
Italy,2020-03-13,189.0,211.66666666666666,10.166666666666657
Italy,2020-03-14,250.0,204.66666666666666,26.33333333333333
Italy,2020-03-15,175.0,264.3333333333333,46.33333333333333
Italy,2020-03-16,368.0,297.3333333333333,44.83333333333334
Italy,2020-03-17,349.0,354.0,46.166666666666686
Italy,2020-03-18,345.0,389.6666666666667,30.833333333333343
Italy,2020-03-19,475.0,415.6666666666667,60.0
Italy,2020-03-20,427.0,509.6666666666667,99.99999999999997
Italy,2020-03-21,627.0,615.6666666666666,90.33333333333334
Italy,2020-03-22,793.0,690.3333333333334,33.0
Italy,2020-03-23,651.0,681.6666666666666,-12.666666666666686
Italy,2020-03-24,601.0,665.0,-3.0
Italy,2020-03-25,743.0,675.6666666666666,15.5
Italy,2020-03-26,683.0,696.0,47.83333333333337
Italy,2020-03-27,662.0,771.3333333333334,72.0
Italy,2020-03-28,969.0,840.0,50.0
Italy,2020-03-29,889.0,871.3333333333334,-10.5
Italy,2020-03-30,756.0,819.0,-34.83333333333337
Italy,2020-03-31,812.0,801.6666666666666,-13.5
Italy,2020-04-01,837.0,792.0,-13.5
Italy,2020-04-02,727.0,774.6666666666666,-20.5
Italy,2020-04-03,760.0,751.0,-19.5
Italy,2020-04-04,766.0,735.6666666666666,-46.833333333333314
Italy,2020-04-05,681.0,657.3333333333334,-60.833333333333314
Italy,2020-04-06,525.0,614.0,-34.5
Italy,2020-04-07,636.0,588.3333333333334,-10.0
Italy,2020-04-08,604.0,594.0,-1.5
Italy,2020-04-09,542.0,585.3333333333334,-10.0
Italy,2020-04-10,610.0,574.0,7.166666666666629
Italy,2020-04-11,570.0,599.6666666666666,-17.0
Italy,2020-04-12,619.0,540.0,-30.5
Italy,2020-04-13,431.0,538.6666666666666,-3.5
Italy,2020-04-14,566.0,533.0,21.666666666666686
Italy,2020-04-15,602.0,582.0,17.666666666666686
Italy,2020-04-16,578.0,568.3333333333334,-11.333333333333314
Italy,2020-04-17,525.0,559.3333333333334,-20.5
Italy,2020-04-18,575.0,527.3333333333334,-31.333333333333343
Italy,2020-04-19,482.0,496.6666666666667,-35.50000000000003
Italy,2020-04-20,433.0,456.3333333333333,-11.5
Spain,2020-01-23,0.0,0.0,0.0
Spain,2020-01-24,0.0,0.0,0.0
Spain,2020-01-25,0.0,0.0,0.0
Spain,2020-01-26,0.0,0.0,0.0
Spain,2020-01-27,0.0,0.0,0.0
Spain,2020-01-28,0.0,0.0,0.0
Spain,2020-01-29,0.0,0.0,0.0
Spain,2020-01-30,0.0,0.0,0.0
Spain,2020-01-31,0.0,0.0,0.0
Spain,2020-02-01,0.0,0.0,0.0
Spain,2020-02-02,0.0,0.0,0.0
Spain,2020-02-03,0.0,0.0,0.0
Spain,2020-02-04,0.0,0.0,0.0
Spain,2020-02-05,0.0,0.0,0.0
Spain,2020-02-06,0.0,0.0,0.0
Spain,2020-02-07,0.0,0.0,0.0
Spain,2020-02-08,0.0,0.0,0.0
Spain,2020-02-09,0.0,0.0,0.0
Spain,2020-02-10,0.0,0.0,0.0
Spain,2020-02-11,0.0,0.0,0.0
Spain,2020-02-12,0.0,0.0,0.0
Spain,2020-02-13,0.0,0.0,0.0
Spain,2020-02-14,0.0,0.0,0.16666666666666666
Spain,2020-02-15,0.0,0.3333333333333333,0.16666666666666666
Spain,2020-02-16,1.0,0.3333333333333333,0.0
Spain,2020-02-17,0.0,0.3333333333333333,-0.16666666666666666
Spain,2020-02-18,0.0,0.0,-0.16666666666666666
Spain,2020-02-19,0.0,0.0,0.0
Spain,2020-02-20,0.0,0.0,0.0
Spain,2020-02-21,0.0,0.0,0.0
Spain,2020-02-22,0.0,0.0,0.0
Spain,2020-02-23,0.0,0.0,0.0
Spain,2020-02-24,0.0,0.0,0.0
Spain,2020-02-25,0.0,0.0,0.0
Spain,2020-02-26,0.0,0.0,0.0
Spain,2020-02-27,0.0,0.0,0.0
Spain,2020-02-28,0.0,0.0,0.0
Spain,2020-02-29,0.0,0.0,0.0
Spain,2020-03-01,0.0,0.0,0.0
Spain,2020-03-02,0.0,0.0,0.0
Spain,2020-03-03,0.0,0.0,0.0
Spain,2020-03-04,0.0,0.0,0.0
Spain,2020-03-05,0.0,0.0,0.0
Spain,2020-03-06,0.0,0.0,4.0
Spain,2020-03-07,0.0,8.0,4.0
Spain,2020-03-08,24.0,8.0,0.0
Spain,2020-03-09,0.0,8.0,-4.0
Spain,2020-03-10,0.0,0.0,-4.0
Spain,2020-03-11,0.0,0.0,0.0
Spain,2020-03-12,0.0,0.0,0.0
Spain,2020-03-13,0.0,0.0,76.16666666666667
Spain,2020-03-14,0.0,152.33333333333334,76.16666666666667
Spain,2020-03-15,457.0,152.33333333333334,0.0
Spain,2020-03-16,0.0,152.33333333333334,-76.16666666666667
Spain,2020-03-17,0.0,0.0,-76.16666666666667
Spain,2020-03-18,0.0,0.0,0.0
Spain,2020-03-19,0.0,0.0,0.0
Spain,2020-03-20,0.0,0.0,405.3333333333333
Spain,2020-03-21,0.0,810.6666666666666,405.3333333333333
Spain,2020-03-22,2432.0,810.6666666666666,0.0
Spain,2020-03-23,0.0,810.6666666666666,-405.3333333333333
Spain,2020-03-24,0.0,0.0,-405.3333333333333
Spain,2020-03-25,0.0,0.0,0.0
Spain,2020-03-26,0.0,0.0,0.0
Spain,2020-03-27,0.0,0.0,943.8333333333334
Spain,2020-03-28,0.0,1887.6666666666667,943.8333333333334
Spain,2020-03-29,5663.0,1887.6666666666667,0.0
Spain,2020-03-30,0.0,1887.6666666666667,-943.8333333333334
Spain,2020-03-31,0.0,0.0,-943.8333333333334
Spain,2020-04-01,0.0,0.0,0.0
Spain,2020-04-02,0.0,0.0,0.0
Spain,2020-04-03,0.0,0.0,973.5
Spain,2020-04-04,0.0,1947.0,973.5
Spain,2020-04-05,5841.0,1947.0,0.0
Spain,2020-04-06,0.0,1947.0,-973.5
Spain,2020-04-07,0.0,0.0,-973.5
Spain,2020-04-08,0.0,0.0,0.0
Spain,2020-04-09,0.0,0.0,0.0
Spain,2020-04-10,0.0,0.0,794.3333333333334
Spain,2020-04-11,0.0,1588.6666666666667,794.3333333333334
Spain,2020-04-12,4766.0,1588.6666666666667,0.0
Spain,2020-04-13,0.0,1588.6666666666667,-794.3333333333334
Spain,2020-04-14,0.0,0.0,-794.3333333333334
Spain,2020-04-15,0.0,0.0,0.0
Spain,2020-04-16,0.0,0.0,0.0
Spain,2020-04-17,0.0,0.0,596.0
Spain,2020-04-18,0.0,1192.0,596.0
Spain,2020-04-19,3576.0,1192.0,0.0
Spain,2020-04-20,0.0,1192.0,-596.0
United Kingdom,2020-01-23,0.0,0.0,0.0
United Kingdom,2020-01-24,0.0,0.0,0.0
United Kingdom,2020-01-25,0.0,0.0,0.0
United Kingdom,2020-01-26,0.0,0.0,0.0
United Kingdom,2020-01-27,0.0,0.0,0.0
United Kingdom,2020-01-28,0.0,0.0,0.0
United Kingdom,2020-01-29,0.0,0.0,0.0
United Kingdom,2020-01-30,0.0,0.0,0.16666666666666666
United Kingdom,2020-01-31,0.0,0.3333333333333333,0.16666666666666666
United Kingdom,2020-02-01,1.0,0.3333333333333333,0.0
United Kingdom,2020-02-02,0.0,0.3333333333333333,0.0
United Kingdom,2020-02-03,0.0,0.3333333333333333,0.0
United Kingdom,2020-02-04,1.0,0.3333333333333333,0.0
United Kingdom,2020-02-05,0.0,0.3333333333333333,-0.16666666666666666
United Kingdom,2020-02-06,0.0,0.0,-0.16666666666666666
United Kingdom,2020-02-07,0.0,0.0,0.0
United Kingdom,2020-02-08,0.0,0.0,0.0
United Kingdom,2020-02-09,0.0,0.0,0.0
United Kingdom,2020-02-10,0.0,0.0,0.0
United Kingdom,2020-02-11,0.0,0.0,0.0
United Kingdom,2020-02-12,0.0,0.0,0.0
United Kingdom,2020-02-13,0.0,0.0,0.0
United Kingdom,2020-02-14,0.0,0.0,0.0
United Kingdom,2020-02-15,0.0,0.0,0.0
United Kingdom,2020-02-16,0.0,0.0,0.0
United Kingdom,2020-02-17,0.0,0.0,0.0
United Kingdom,2020-02-18,0.0,0.0,0.0
United Kingdom,2020-02-19,0.0,0.0,0.0
United Kingdom,2020-02-20,0.0,0.0,0.0
United Kingdom,2020-02-21,0.0,0.0,0.0
United Kingdom,2020-02-22,0.0,0.0,0.16666666666666666
United Kingdom,2020-02-23,0.0,0.3333333333333333,0.16666666666666666
United Kingdom,2020-02-24,1.0,0.3333333333333333,0.0
United Kingdom,2020-02-25,0.0,0.3333333333333333,-0.16666666666666666
United Kingdom,2020-02-26,0.0,0.0,-0.16666666666666666
United Kingdom,2020-02-27,0.0,0.0,0.0
United Kingdom,2020-02-28,0.0,0.0,0.0
United Kingdom,2020-02-29,0.0,0.0,0.0
United Kingdom,2020-03-01,0.0,0.0,0.0
United Kingdom,2020-03-02,0.0,0.0,0.16666666666666666
United Kingdom,2020-03-03,0.0,0.3333333333333333,0.16666666666666666
United Kingdom,2020-03-04,1.0,0.3333333333333333,0.16666666666666666
United Kingdom,2020-03-05,0.0,0.6666666666666666,0.33333333333333337
United Kingdom,2020-03-06,1.0,1.0,0.5
United Kingdom,2020-03-07,2.0,1.6666666666666667,0.16666666666666663
United Kingdom,2020-03-08,2.0,1.3333333333333333,-0.16666666666666674
United Kingdom,2020-03-09,0.0,1.3333333333333333,0.5000000000000001
United Kingdom,2020-03-10,2.0,2.3333333333333335,1.0
United Kingdom,2020-03-11,5.0,3.3333333333333335,1.3333333333333333
United Kingdom,2020-03-12,3.0,5.0,2.166666666666667
United Kingdom,2020-03-13,7.0,7.666666666666667,3.5
United Kingdom,2020-03-14,13.0,12.0,4.5
United Kingdom,2020-03-15,16.0,16.666666666666668,5.166666666666666
United Kingdom,2020-03-16,21.0,22.333333333333332,8.499999999999998
United Kingdom,2020-03-17,30.0,33.666666666666664,11.833333333333334
United Kingdom,2020-03-18,50.0,46.0,13.333333333333336
United Kingdom,2020-03-19,58.0,60.333333333333336,12.0
United Kingdom,2020-03-20,73.0,70.0,14.833333333333332
United Kingdom,2020-03-21,79.0,90.0,21.666666666666664
United Kingdom,2020-03-22,118.0,113.33333333333333,29.0
United Kingdom,2020-03-23,143.0,148.0,32.00000000000001
United Kingdom,2020-03-24,183.0,177.33333333333334,34.66666666666667
United Kingdom,2020-03-25,206.0,217.33333333333334,45.66666666666667
United Kingdom,2020-03-26,263.0,268.6666666666667,59.66666666666667
United Kingdom,2020-03-27,337.0,336.6666666666667,67.33333333333331
United Kingdom,2020-03-28,410.0,403.3333333333333,63.16666666666666
United Kingdom,2020-03-29,463.0,463.0,59.00000000000003
United Kingdom,2020-03-30,516.0,521.3333333333334,70.33333333333331
United Kingdom,2020-03-31,585.0,603.6666666666666,93.0
United Kingdom,2020-04-01,710.0,707.3333333333334,108.0
United Kingdom,2020-04-02,827.0,819.6666666666666,105.5
United Kingdom,2020-04-03,922.0,918.3333333333334,87.5
United Kingdom,2020-04-04,1006.0,994.6666666666666,75.49999999999994
United Kingdom,2020-04-05,1056.0,1069.3333333333333,72.83333333333331
United Kingdom,2020-04-06,1146.0,1140.3333333333333,54.16666666666674
United Kingdom,2020-04-07,1219.0,1177.6666666666667,43.0
United Kingdom,2020-04-08,1168.0,1226.3333333333333,64.33333333333326
United Kingdom,2020-04-09,1292.0,1306.3333333333333,73.83333333333337
United Kingdom,2020-04-10,1459.0,1374.0,38.33333333333337
United Kingdom,2020-04-11,1371.0,1383.0,-11.666666666666629
United Kingdom,2020-04-12,1319.0,1350.6666666666667,-15.333333333333371
United Kingdom,2020-04-13,1362.0,1352.3333333333333,-14.0
United Kingdom,2020-04-14,1376.0,1322.6666666666667,-33.16666666666663
United Kingdom,2020-04-15,1230.0,1286.0,-35.16666666666674
United Kingdom,2020-04-16,1252.0,1252.3333333333333,-1.8333333333333712
United Kingdom,2020-04-17,1275.0,1282.3333333333333,17.5
United Kingdom,2020-04-18,1320.0,1287.3333333333333,-12.0
United Kingdom,2020-04-19,1267.0,1258.3333333333333,-47.5
United Kingdom,2020-04-20,1188.0,1192.3333333333333,-51.0
United States,2020-01-23,0.0,0.0,0.0
United States,2020-01-24,0.0,0.0,0.0
United States,2020-01-25,0.0,0.0,0.0
United States,2020-01-26,0.0,0.0,0.0
United States,2020-01-27,0.0,0.0,0.0
United States,2020-01-28,0.0,0.0,0.0
United States,2020-01-29,0.0,0.0,0.0
United States,2020-01-30,0.0,0.0,0.0
United States,2020-01-31,0.0,0.0,0.0
United States,2020-02-01,0.0,0.0,0.0
United States,2020-02-02,0.0,0.0,0.0
United States,2020-02-03,0.0,0.0,0.0
United States,2020-02-04,0.0,0.0,0.0
United States,2020-02-05,0.0,0.0,0.0
United States,2020-02-06,0.0,0.0,0.0
United States,2020-02-07,0.0,0.0,0.0
United States,2020-02-08,0.0,0.0,0.0
United States,2020-02-09,0.0,0.0,0.0
United States,2020-02-10,0.0,0.0,0.0
United States,2020-02-11,0.0,0.0,0.0
United States,2020-02-12,0.0,0.0,0.0
United States,2020-02-13,0.0,0.0,0.0
United States,2020-02-14,0.0,0.0,0.0
United States,2020-02-15,0.0,0.0,0.0
United States,2020-02-16,0.0,0.0,0.0
United States,2020-02-17,0.0,0.0,0.0
United States,2020-02-18,0.0,0.0,0.0
United States,2020-02-19,0.0,0.0,0.0
United States,2020-02-20,0.0,0.0,0.0
United States,2020-02-21,0.0,0.0,0.0
United States,2020-02-22,0.0,0.0,0.0
United States,2020-02-23,0.0,0.0,0.0
United States,2020-02-24,0.0,0.0,0.0
United States,2020-02-25,0.0,0.0,0.0
United States,2020-02-26,0.0,0.0,0.0
United States,2020-02-27,0.0,0.0,0.16666666666666666
United States,2020-02-28,0.0,0.3333333333333333,0.16666666666666666
United States,2020-02-29,1.0,0.3333333333333333,0.16666666666666666
United States,2020-03-01,0.0,0.6666666666666666,0.0
United States,2020-03-02,1.0,0.3333333333333333,0.8333333333333335
United States,2020-03-03,0.0,2.3333333333333335,1.3333333333333333
United States,2020-03-04,6.0,3.0,0.6666666666666665
United States,2020-03-05,3.0,3.6666666666666665,-0.16666666666666674
United States,2020-03-06,2.0,2.6666666666666665,-0.5
United States,2020-03-07,3.0,2.6666666666666665,0.5
United States,2020-03-08,3.0,3.6666666666666665,0.6666666666666667
United States,2020-03-09,5.0,4.0,0.33333333333333326
United States,2020-03-10,4.0,4.333333333333333,0.5
United States,2020-03-11,4.0,5.0,1.666666666666667
United States,2020-03-12,7.0,7.666666666666667,1.833333333333333
United States,2020-03-13,12.0,8.666666666666666,1.1666666666666665
United States,2020-03-14,7.0,10.0,0.8333333333333339
United States,2020-03-15,11.0,10.333333333333334,2.0
United States,2020-03-16,13.0,14.0,3.499999999999999
United States,2020-03-17,18.0,17.333333333333332,4.166666666666666
United States,2020-03-18,21.0,22.333333333333332,10.166666666666666
United States,2020-03-19,28.0,37.666666666666664,15.666666666666666
United States,2020-03-20,64.0,53.666666666666664,18.666666666666668
United States,2020-03-21,69.0,75.0,18.666666666666668
United States,2020-03-22,92.0,91.0,16.166666666666664
United States,2020-03-23,112.0,107.33333333333333,20.16666666666667
United States,2020-03-24,118.0,131.33333333333334,28.166666666666664
United States,2020-03-25,164.0,163.66666666666666,46.66666666666666
United States,2020-03-26,209.0,224.66666666666666,60.000000000000014
United States,2020-03-27,301.0,283.6666666666667,75.83333333333333
United States,2020-03-28,341.0,376.3333333333333,88.83333333333331
United States,2020-03-29,487.0,461.3333333333333,96.50000000000003
United States,2020-03-30,556.0,569.3333333333334,78.00000000000003
United States,2020-03-31,665.0,617.3333333333334,95.0
United States,2020-04-01,631.0,759.3333333333334,147.0
United States,2020-04-02,982.0,911.3333333333334,189.33333333333331
United States,2020-04-03,1121.0,1138.0,178.99999999999994
United States,2020-04-04,1311.0,1269.3333333333333,135.5
United States,2020-04-05,1376.0,1409.0,163.5
United States,2020-04-06,1540.0,1596.3333333333333,146.16666666666663
United States,2020-04-07,1873.0,1701.3333333333333,144.66666666666674
United States,2020-04-08,1691.0,1885.6666666666667,150.16666666666674
United States,2020-04-09,2093.0,2001.6666666666667,147.83333333333337
United States,2020-04-10,2221.0,2181.3333333333335,114.49999999999989
United States,2020-04-11,2230.0,2230.6666666666665,19.833333333333258
United States,2020-04-12,2241.0,2221.0,-67.0
United States,2020-04-13,2192.0,2096.6666666666665,-118.16666666666663
United States,2020-04-14,1857.0,1984.6666666666667,-16.0
United States,2020-04-15,1905.0,2064.6666666666665,185.66666666666663
United States,2020-04-16,2432.0,2356.0,235.66666666666674
United States,2020-04-17,2731.0,2536.0,74.0
United States,2020-04-18,2445.0,2504.0,-163.16666666666674
United States,2020-04-19,2336.0,2209.6666666666665,-222.5
United States,2020-04-20,1848.0,2059.0,-118.49999999999989
